Key,en-GB,en,en-CE,da-DK,de,de-AT,de-CE,de-DE,en-US,en-IE,fi-FI,fr-FR,it-IT,nl,nl-NL,no-NO,sv-SE,fr-BE,nl-BE,de-CH,fr-CH,it-CH,es-ES,pt-PT,de-LU,fr-LU,gr-GR,pl-PL,hu-Hu,cs-Cz,sk-SK,ro-RO,sl-SI,hr HR
register.title,Create a Miele account,Create a Miele account,Create a Miele account,Opret en Miele-konto.,,Benutzerkonto erstellen,Benutzerkonto erstellen,,Create a Miele Account,Create a Miele account,Luo Miele-käyttäjätunnus,Créer un compte Miele,Crea un account Miele,Maak een Miele account,Maak een Miele account,Opprett en Miele-konto,,Créer un compte Miele,Maak een Miele account,Benutzerkonto erstellen,Créer un compte Miele,Crea un account Miele,Crear cuenta de usuario,Criar uma conta de utilizador,Benutzerkonto erstellen,Créer un compte Miele,Δημιουργία λογαριασμού Miele,,Miele fiók létrehozása,Vytvořit účet,Vytvoriť účet,Creare cont utilizator,Ustvarite račun Miele,Napravite Miele račun
register.fields.email.errors.emailAlreadyInUseModal.title,Known e-mail address,Known e-mail address,Known e-mail address,E-mailen findes allerede.,,E-Mail existiert bereits,E-Mail existiert bereits,,Known email address,Known e-mail address,Sähköpostiosoite on jo olemassa,L'adresse e-mail existe déjà,Indirizzo e-mail già in uso.,E-mailadres bestaat al,E-mailadres bestaat al,E-postadressen eksisterer allerede,,L'adresse e-mail existe déjà,E-mailadres bestaat al,E-Mail existiert bereits,L'adresse e-mail existe déjà,Indirizzo e-mail già in uso.,La dirección de e-mail ya existe,O endereço de e-mail já existe,E-Mail existiert bereits,L'adresse e-mail existe déjà,Η διεύθυνση e-mail υπάρχει ήδη,,Az e-mail cím már létezik,E-mailová adresa již existuje ,E-mailová adresa už existuje,Adresa de e-mail existentă,Znan e-poštni naslov,Poznata e-mail adresa
register.fields.email.errors.emailAlreadyInUseModal.title,"It looks like there's already an account associated with this email. If this is yours, please log in here","It looks like there's already an account associated with this email. If this is yours, please log in here","It looks like there's already an account associated with this email. If this is yours, please log in here","Din e-mailadresse er allerede knyttet til en konto. Hvis dette er din konto, bedes du logge ind her.",,"Ihre E-Mail-Adresse ist bereits mit einem Konto verknüpft. Wenn das Ihr Konto ist, melden Sie sich bitte hier an","Ihre E-Mail-Adresse ist bereits mit einem Konto verknüpft. Wenn das Ihr Konto ist, melden Sie sich bitte hier an",,"It appears there is already an account associated with this email. If this is your email, please log in here.","It looks like there's already an account associated with this email. If this is yours, please log in here","Näyttää siltä, että tämä sähköpostiosoite on jo liitetty olemassa olevaan käyttäjätiliin. Jos tämä on sinun sähköpostiosoitteesi, kirjaudu sisään täältä.","Il semble qu'il y ait déjà un compte associé à cette adresse e-mail. S'il s'agit de votre adresse e-mail, veuillez vous connecter ici.","Sembra che l'indirizzo e-mail sia già associato ad una registrazione. Se è il tuo account, accedi qui.","Het lijkt erop dat er al een account is gekoppeld aan dit e-mailadres. Als dit jouw e-mailadres is, log dan hier in.","Het lijkt erop dat er al een account is gekoppeld aan dit e-mailadres. Als dit jouw e-mailadres is, log dan hier in.","Det ser ut til at det finnes en konto som er knyttet til denne e-postadressen allerede. Hvis dette er e-postadressen din, logg inn her.",,"Il semble qu'il y ait déjà un compte associé à cette adresse e-mail. S'il s'agit de votre adresse e-mail, veuillez vous connecter ici.","Het lijkt erop dat er al een account is gekoppeld aan dit e-mailadres. Als dit uw e-mailadres is, log dan hier in.","Ihre E-Mail-Adresse ist bereits mit einem Konto verknüpft. Wenn das Ihr Konto ist, melden Sie sich bitte hier an","Il semble qu'il y ait déjà un compte associé à cette adresse e-mail. S'il s'agit de votre adresse e-mail, veuillez vous connecter ici.","Sembra che l'indirizzo e-mail sia già associato ad una registrazione. Se è il tuo account, accedi qui.","Ya existe una cuenta vinculada a tu dirección de e-mail. Si se trata de tu cuenta, conéctate.",Já existe uma conta associada a este endereço de e-mail.,"Ihre E-Mail-Adresse ist bereits mit einem Konto verknüpft. Wenn das Ihr Konto ist, melden Sie sich bitte hier an","Il semble qu'il y ait déjà un compte associé à cette adresse e-mail. S'il s'agit de votre adresse e-mail, veuillez vous connecter ici.","Φαίνεται ότι υπάρχει ήδη ένας λογαριασμός με αυτό το e-mail. Εάν αυτό είναι το δικό σας e-mail, παρακαλούμε συνδεθείτε εδώ.",,"Úgy tűnik, már van egy fiók társítva ehhez az e-mailhez. Ha ez az öné, kérjük, jelentkezzen be itt.","Zdá se, že k tomuto e-mailu je již přiřazen účet. Pokud je to váš účet, přihlaste se zde.","Tento e-mail sa už používa. Ak je to váš email, prosím prihláste sa. ","Se pare că există deja un cont asociat cu acest e-mail. Dacă acesta este al dvs., vă rugăm să vă conectați aici","Videti je, da že obstaja račun, povezan s tem e-poštnim naslovom. Če je to vaš, se prijavite tukaj","Čini se da već postoji račun povezan s ovom e-poštom. Ako je ovo Vaš, prijavite se ovdje"
register.title,Create a Miele account,Create a Miele account,Create a Miele account,Opret en Miele-konto.,,Benutzerkonto erstellen,Benutzerkonto erstellen,,Create a Miele Account,Create a Miele account,Luo Miele-käyttäjätunnus,Créer un compte Miele,Crea un account Miele,,,Opprett en Miele-konto,,Créer un compte Miele,,Benutzerkonto erstellen,Créer un compte Miele,Crea un account Miele,Crear una cuenta de usuario,Criar uma conta de utilizador,Benutzerkonto erstellen,Créer un compte Miele,Δημιουργία λογαριασμού Miele,,Miele fiók létrehozása,Vytvořit účet,Vytvoriť účet,Creare cont utilizator,Ustvarite račun Miele,Napravite Miele račun
dynamicFieldMessage.alphaDash,"This field only allows alpha, dash and underscore characters.","This field only allows alpha, dash and underscore characters.","This field only allows alpha, dash and underscore characters.","I dette felt, må der kun stå bogstaver, bindestreger og understregninger.",,"In diesem Feld sind nur Buchstaben, Bindestriche und Unterstriche zulässig.","In diesem Feld sind nur Buchstaben, Bindestriche und Unterstriche zulässig.",,"This field accepts only alphabetical characters, dashes, and underscores.","This field only allows alpha, dash and underscore characters.","Kentässä voi käyttää vain kirjaimia, yhdysmerkkejä ja alaviivoja.","Seuls les lettres (majuscules), les tirets et les tirets du bas sont autorisés dans ce champ.","In questo campo sono ammessi solo lettere, trattini e trattini bassi.","In dit veld zijn alleen (hoofd)letters, streep- en onderstrepingstekens toegestaan.","In dit veld zijn alleen (hoofd)letters, streep- en onderstrepingstekens toegestaan.","I dette feltet skal det bare stå bokstaver, bindestreker og understrekinger.",,"Seuls les lettres (majuscules), les tirets et les traits de soulignement sont autorisés dans ce champ.","In dit veld zijn alleen (hoofd)letters, streep- en onderstrepingstekens toegestaan.","In diesem Feld sind nur Buchstaben, Bindestriche und Unterstriche zulässig.","Seuls les lettres (majuscules), les tirets et les traits de soulignement sont autorisés dans ce champ.","In questo campo sono ammessi solo lettere, trattini e trattini bassi.","En este campo tan solo está permitido introducir letras, guiones y guiones bajos.","Neste campo só é permitido introduzir letras, traços e underscores.","In diesem Feld sind nur Buchstaben, Bindestriche und Unterstriche zulässig.","Seuls les lettres (majuscules), les tirets et les traits de soulignement sont autorisés dans ce champ.","Στο πεδίο αυτό επιτρέπονται μόνο γράμματα, οι παύλες και οι κάτω παύλες.",,"Ebben a mezőben csak betűk, kötőjelek és aláhúzásjelek használhatók.","Lze použít pouze písmena, pomlčky a podtržítka.","Je možné použiť iba písmená, pomlčky a podčiarkovník. ","Acest câmp permite numai litere, cratime și caractere de subliniere.","To polje dovoljuje samo črke, pomišljaje in podčrtaje.","Ovo polje dopušta samo znakove, crtice i podvlake."
dynamicFieldMessage.socialSecurityNumber,Please enter social security number with 12 digits: YYYYMMDDXXXX,Please enter social security number with 12 digits: YYYYMMDDXXXX,Please enter social security number with 12 digits: YYYYMMDDXXXX,Indtast personnummer med 12 cifre: YYYYMMDDXXXX,,Not necessary in AT,Not necessary in DE,,Not legally allowed in US,Please enter social security number with 12 digits: YYYYMMDDXXXX,Syötä 11-merkkinen henkilötunnus: PPKKVVXXXXX,Not necessary in FR,Not necessary in IT,Voer jouw 9-cijferig burgerservicenummer in.,Voer jouw 9-cijferig burgerservicenummer in.,Not legally allowed,,Saisissez votre numéro de registre national à 11 chiffres.,Voer uw 11-cijferig rijksregisternummer in.,Not necessary in CH,Not necessary in CH,Not necessary in CH,Introduce las 11 posiciones de tu número de registro.,Introduza os 11 algarismos do seu número de registo.,Geben Sie Ihre 11-stellige Nationalregisternummer ein.,Saisissez votre numéro de registre national à 11 chiffres.,Πληκτρολογήστε τα 9 ψηφία του αριθμού φορολογικού μητρώου σας.,,Adja meg 11 jegyű nemzeti regisztrációs számát.,We dont use this in VG CZ,We dont use this in VG SK,Vă rugăm să introduceți codul numeric personal format din 13 cifre. ,Vnesite 12-mestno številko socialnega zavarovanja: YYYYMMDDXXXX,Unesite broj socijalnog osiguranja s 12 znamenki: GGGGMMDDXXXX
dynamicFieldMessage.minLength,This field must be {value} or more characters long.,This field must be {value} or more characters long.,This field must be {value} or more characters long.,Dette felt skal indeholde mindst {værdi} tegn.,,Geben Sie mindestens {value} Zeichen ein.,Geben Sie mindestens {value} Zeichen ein.,,This field must have at least {value} characters.,This field must be {value} or more characters long.,Kentässä on oltava vähintään {value} merkkiä.,Ce champ doit comporter au moins {valeur} caractères.,Questo campo deve contenere almeno {valore} caratteri.,Dit veld moet {waarde} of meer tekens lang zijn.,Dit veld moet {waarde} of meer tekens lang zijn.,Dette feltet må inneholde minst {verdi} tegn.,,Ce champ doit comporter au moins {valeur} caractères.,Dit veld moet {waarde} of meer tekens lang zijn.,Geben Sie mindestens {value} Zeichen ein.,Ce champ doit comporter au moins {valeur} caractères.,Questo campo deve contenere almeno {valore} caratteri.,Este campo debe contener como mínimo {Wert} caracteres.,"Este campo deve conter, no mínimo, {Wert} caracteres.",Dieses Feld muss mindestens {Wert} Zeichen enthalten.,Ce champ doit comporter au moins {valeur} caractères.,Αυτό το πεδίο πρέπει να περιέχει τουλάχιστον {value} χαρακτήρες .,,Ennek a mezőnek legalább {value} karakter hosszúságúnak kell lennie.,Toto pole musí mít délku {value} nebo více znaků.,Toto pole musí obsahovať {value} alebo viac znakov.,Acest câmp trebuie să conţină {value} sau mai multe caractere.,To polje mora imeti {value} ali več znakov.,Ovo polje mora sadržavati {value} ili više znakova.
dynamicFieldMessage.postalCode,Please enter a valid post code.,Please enter a valid post code.,Please enter a valid post code.,Indtast et gyldigt postnummer,,Bitte geben Sie eine gültige Postleitzahl ein.,Bitte geben Sie eine gültige Postleitzahl ein.,,Please enter a valid postal code. ,Please enter a valid post code.,Syötä kelvollinen postinumero.,Entrez un code postal valide.,Inserisci un CAP (codice di avviamento postale) valido.,Voer een geldige postcode in.,Voer een geldige postcode in.,Legg inn gyldig postnummer,,Entrez un code postal valide.,Voer een geldige postcode in.,Bitte geben Sie eine gültige Postleitzahl ein.,Entrez un code postal valide.,Inserisci un CAP (codice di avviamento postale) valido.,Introduce un código postal válido.,Introduza um código postal válido.,Geben Sie eine gültige Postleitzahl ein.,Entrez un code postal valide.,Εισάγετε έναν έγκυρο ταχυδρομικό κώδικα.,,Érvényes irányítószámot adjon meg.,Zadejte poštovní směrovací číslo.,Zadajte poštové smerovacie číslo. ,Vă rugăm să introduceți un cod poștal valid.,Vnesite veljavno poštno številko.,Unesite važeći poštanski broj.
dynamicFieldMessage.digitsLengthBetween,This field must be a numerical value and between {value} characters long.,This field must be a numerical value and between {value} characters long.,This field must be a numerical value and between {value} characters long.,Dette felt skal indeholde en numerisk værdi og være mellem {værdi} tegn langt.,,Geben Sie mindestens {value} Zahlen ein.,Geben Sie mindestens {value} Zahlen ein.,,This field must contain a numerical value and be between {value} characters long.,This field must be a numerical value and between {value} characters long.,"Kenttään on syötettävä numero, jonka pituus on {value} merkkiä.",Ce champ doit être une valeur numérique et comporter au moins {valeur} caractères.,Questo campo deve contenere un valore numerico e almeno {valore} caratteri.,Dit veld moet een numerieke waarde zijn en tussen {value} karakters lang zijn.,Dit veld moet een numerieke waarde zijn en tussen {value} karakters lang zijn.,Dette feltet må ha en tallverdi og inneholde minst {verdi} tegn.,,Ce champ doit être une valeur numérique et comporter au moins {valeur} caractères.,Dit veld moet een numerieke waarde zijn en tussen {value} karakters lang zijn.,Geben Sie mindestens {value} Zahlen ein.,Ce champ doit être une valeur numérique et comporter au moins {valeur} caractères.,Questo campo deve contenere un valore numerico e almeno {valore} caratteri.,Este campo debe contener un valor numérico y como mínimo {Wert} caracteres.,"Este campo deve conter um valor numérico e, no mínimo, {Wert} caracteres.",Dieses Feld muss ein numerischer Wert sein und mindestens {Wert} Zeichen enthalten.,Ce champ doit être une valeur numérique et comporter au moins {valeur} caractères.,Αυτό το πεδίο πρέπει να είναι αριθμητική τιμή και να περιέχει τουλάχιστον {value} χαρακτήρες .,,"Ennek a mezőnek numerikus értéknek kell lennie, és legalább {value} karaktert kell tartalmaznia.","Pole musí obsahovat číselnou hodnotu, která má alespoň {hodnota} znaků.","Pole musí obsahovať číselnú hodnotu, ktorá má aspoň {value} znakov.",Acest câmp trebuie să fie o valoare numerică și să aibă între {value} caractere.,To polje mora vsebovati številsko vrednost in mora biti dolgo med {value} znakov.,Ovo polje mora biti brojčana vrijednost i mora imati između {value} znakova.
dynamicFieldMessage.required,This field is required,This field is required,This field is required,Dette felt er obligatorisk.,,Dieses Feld ist ein Pflichtfeld.,Dieses Feld ist ein Pflichtfeld.,,This field is required.,This field is required,Kenttä on pakollinen.,Ce champ est obligatoire.,Questo campo è obbligatorio.,Dit veld is verplicht.,Dit veld is verplicht.,Dette feltet er obligatorisk.,,Ce champ est obligatoire.,Dit veld is verplicht.,Dieses Feld ist ein Pflichtfeld.,Ce champ est obligatoire.,Questo campo è obbligatorio.,Este campo es obligatorio.,Este campo é obrigatório.,Dieses Feld ist ein Pflichtfeld.,Ce champ est obligatoire.,Αυτό το πεδίο είναι υποχρεωτικό.,,Ez kötelező mező.,Toto pole je povinné,Toto pole je povinné,Acest câmp este obligatoriu,To polje je obvezno,Ovo polje je obavezno
dynamicFieldMessage.termsAndConditions,You must accept the Terms and Conditions in order to proceed,You must accept the Terms and Conditions in order to proceed,You must accept the Terms and Conditions in order to proceed,For at fortsætte skal du acceptere betingelser og vilkår.,,"Sie müssen die Allgemeinen Geschäftsbedingungen akzeptieren, um fortzufahren.","Sie müssen die Allgemeinen Geschäftsbedingungen akzeptieren, um fortzufahren.",,"To proceed, you must accept the Terms & Conditions.",You must accept the Terms and Conditions in order to proceed,Hyväksy käyttöehdot jatkaaksesi.,Vous devez accepter les conditions générales d'utilisation pour pouvoir continuer.,Accetta i Termini e Condizioni per poter proseguire.,Je moet de Algemene voorwaarden accepteren om verder te kunnen gaan.,Je moet de Algemene voorwaarden accepteren om verder te kunnen gaan.,For å fortsette må du godta vilkårene og betingelsene for bruk.,,Vous devez accepter les conditions générales pour continuer.,Je moet de Algemene voorwaarden accepteren om verder te kunnen gaan.,"Sie müssen die Allgemeinen Geschäftsbedingungen akzeptieren, um fortzufahren.",Vous devez accepter les conditions générales pour continuer.,Accetta i Termini e Condizioni per poter proseguire.,"Para continuar, es necesario que aceptes antes los Términos y Condiciones Generales.","Para continuar, é necessário que aceite os Termos e Condições Gerais.","Sie müssen die Allgemeinen Geschäftsbedingungen akzeptieren, um fortzufahren.",Vous devez accepter les conditions générales pour continuer.,Πρέπει να αποδεχτείτε τους όρους και τις προϋποθέσεις για να συνεχίσετε.,,A folytatáshoz el kell fogadnia az Általános Szerződési Feltételeket.,"Chcete-li pokračovat, musíte souhlasit se smluvními podmínkami.","Pre pokračovanie, musíte súhlasiť so zmluvnými podmienkami.",Trebuie să acceptați Termenii și condițiile pentru a continua,Za nadaljevanje morate sprejeti splošne pogoje poslovanja,Morate prihvatiti opće uvjete kako biste nastavili
dynamicFieldMessage.requiredIfTrue,This field is required.,This field is required.,This field is required.,Dette felt er obligatorisk.,,Dieses Feld ist ein Pflichtfeld.,Dieses Feld ist ein Pflichtfeld.,,This field is required.,This field is required.,Kenttä on pakollinen.,Ce champ est obligatoire.,Questo campo è obbligatorio.,Dit veld is verplicht.,Dit veld is verplicht.,Dette feltet er obligatorisk.,,Ce champ est obligatoire.,Dit veld is verplicht.,Dieses Feld ist ein Pflichtfeld.,Ce champ est obligatoire.,Questo campo è obbligatorio.,Este campo es obligatorio.,Este campo é obrigatório.,Dieses Feld ist ein Pflichtfeld.,Ce champ est obligatoire.,Αυτό το πεδίο είναι υποχρεωτικό.,,,Toto pole je povinné,Toto pole je povinné,Acest câmp este obligatoriu,To polje je obvezno.,Ovo polje je obavezno.
dynamicFieldMessage.number,This field only allows valid numerical values.,This field only allows valid numerical values.,This field only allows valid numerical values.,Dette felt accepterer kun numeriske værdier.,,Bitte geben Sie nur Zahlen ein.,Bitte geben Sie nur Zahlen ein.,,This field accepts only numerical values.,This field only allows valid numerical values.,Kentässä voi käyttää vain numeroita.,Seules les valeurs numériques valides sont autorisées dans ce champ.,In questo campo sono ammessi solo valori numerici.,In dit veld zijn alleen geldige numerieke waarden toegestaan.,In dit veld zijn alleen geldige numerieke waarden toegestaan.,Dette feltet aksepterer kun tallverdier.,,Seules les valeurs numériques valides sont autorisées dans ce champ.,In dit veld zijn alleen geldige numerieke waarden toegestaan.,Bitte geben Sie nur Zahlen ein.,Seules les valeurs numériques valides sont autorisées dans ce champ.,In questo campo sono ammessi solo valori numerici.,En este campo tan solo están permitidos valores numéricos.,Neste campo são permitidos apenas valores numéricos.,In diesem Feld sind nur gültige numerische Werte zulässig.,Seules les valeurs numériques valides sont autorisées dans ce champ.,Σε αυτό το πεδίο επιτρέπονται μόνο έγκυρες αριθμητικές τιμές.,,Ebben a mezőben csak érvényes számértékek megengedettek.,V tomto poli jsou povoleny pouze platné číselné hodnoty.,V tomto poli sú povolené iba platné číselné hodnoty.,Acest câmp permite numai valori numerice valide,To polje dovoljuje samo veljavne številske vrednosti.,Ovo polje dopušta samo važeće numeričke vrijednosti.
dynamicFieldMessage.password,Password not complex enough.,Password not complex enough.,Password not complex enough.,Adgangskoden er ikke kompleks nok.,,Das Passwort entspricht nicht den Anforderungen.,Das Passwort entspricht nicht den Anforderungen.,,Password not complex enough.,Password not complex enough.,Salasana ei riittävän vahva.,Le mot de passe n'est pas assez complexe.,La password non è abbastanza sicura.,Wachtwoord niet complex genoeg.,Wachtwoord niet complex genoeg.,Passordet er for svakt.,,Le mot de passe n'est pas assez complexe.,Wachtwoord niet complex genoeg.,Das Passwort entspricht nicht den Anforderungen.,Le mot de passe n'est pas assez complexe.,La password non è abbastanza sicura.,La contraseña no es lo suficientemente compleja.,A palavra-passe não é suficientemente complexa.,Das Passwort ist nicht komplex genug.,Le mot de passe n'est pas assez complexe.,Ο κωδικός πρόσβασης δεν είναι αρκετά ισχυρός.,,A jelszó nem elég bonyolult.,Heslo není dostatečně silné.,Heslo nie je dostatočne silné.,Parola nu este suficient de complexă.,Geslo ni dovolj zapleteno.,Lozinka nije dovoljno složena.
dynamicFieldMessage.min,This field must be equal to or more than {value}.,This field must be equal to or more than {value}.,This field must be equal to or more than {value}.,Dette felt skal være lig med eller større end {værdi}.,,Geben Sie mindestens {value} Zahlen ein.,Geben Sie mindestens {value} Zahlen ein.,,This field must be greater than or equal to {value}.,This field must be equal to or more than {value}.,Kentän arvon on oltava yhtä suuri tai suurempi kuin {value}.,Ce champ doit être égal ou supérieur à {valeur}.,Questo campo deve essere uguale o superiore a {valore}.,Dit veld moet gelijk zijn aan of meer zijn dan {waarde}.,Dit veld moet gelijk zijn aan of meer zijn dan {waarde}.,Dette feltet må være lik eller større enn {verdi}.,,Ce champ doit être égal ou supérieur à {valeur}.,Dit veld moet gelijk zijn aan of meer zijn dan {waarde}.,Geben Sie mindestens {value} Zahlen ein.,Ce champ doit être égal ou supérieur à {valeur}.,Questo campo deve essere uguale o superiore a {valore}.,Este campo debe tener al menos {Wert} caracteres o más.,"Este campo deve ter, no mínimo {Wert} caracteres ou mais.",Dieses Feld muss gleich oder größer als {Wert} sein.,Ce champ doit être égal ou supérieur à {valeur}.,Αυτό το πεδίο πρέπει να είναι τουλάχιστον {value} χαρακτήρες ή περισσότεροι.,,Ennek a mezőnek egyenlőnek vagy nagyobbnak kell lennie a következővel: {value}.,Tohle pole musí mít {value} nebo více znaků.,Toto pole musí mať {value} alebo viac znakov.,Acest câmp trebuie să fie egal sau mai mare decât {value}.,To polje mora biti enako ali večje od {value}.,Ovo polje mora biti jednako ili veće od {value}.
dynamicFieldMessage.same,This field must be the same value as {value}.,This field must be the same value as {value}.,This field must be the same value as {value}.,Dette felt skal have samme værdi som {værdi}.,,Geben Sie {value} Zeichen ein.,Geben Sie {value} Zeichen ein.,,This field must be the same value as {value}.,This field must be the same value as {value}.,Kentän arvon on oltava sama kuin {value}.,Ce champ doit avoir la même valeur que {valeur}.,Questo campo deve essere uguale a {valore}.,Dit veld moet dezelfde waarde hebben als {waarde}.,Dit veld moet dezelfde waarde hebben als {waarde}.,Dette feltet må ha samme verdi som {verdi}.,,Ce champ doit avoir la même valeur que {valeur}.,Dit veld moet dezelfde waarde hebben als {waarde}.,Geben Sie {value} Zeichen ein.,Ce champ doit avoir la même valeur que {valeur}.,Questo campo deve essere uguale a {valore}.,Este campo debe tener el mismo valor que {Wert}.,Este campo deve ter o mesmo valor que {Wert}.,Dieses Feld muss denselben Wert wie {Wert} haben.,Ce champ doit avoir la même valeur que {valeur}.,Αυτό το πεδίο πρέπει να έχει την ίδια τιμή με το {value}.,,Ennek a mezőnek meg kell egyeznie a(z) {value} értékkel.,Toto pole musí mít hodnotu {value}.,Toto pole musí mať rovnakú  hodnotu ako {value}.,Acest câmp trebuie să aibă aceeași valoare ca {value}.,To polje mora imeti enako vrednost kot {value}.,Ovo polje mora imati istu vrijednost kao {value}.
dynamicFieldMessage.digitsLength,This field must be a numerical value and {value} characters long.,This field must be a numerical value and {value} characters long.,This field must be a numerical value and {value} characters long.,Dette felt skal indeholde en numerisk værdi og være mellem {værdi} tegn langt.,,Geben Sie mindestens {value} Zahlen ein.,Geben Sie mindestens {value} Zahlen ein.,,This field must contain a numerical value and be between {value} characters long.,This field must be a numerical value and {value} characters long.,"Kenttään on syötettävä numero, jonka pituus on {value} merkkiä.",Ce champ doit avoir une valeur numérique et comporter {valeur} caractères.,Questo campo deve contenere un valore numerico e almeno {valore} caratteri.,Dit veld moet een numerieke waarde hebben en {value} tekens lang zijn.,Dit veld moet een numerieke waarde hebben en {value} tekens lang zijn.,Dette feltet må ha en tallverdi og {verdi}-tegn.,,Ce champ doit avoir une valeur numérique et comporter {valeur} caractères.,Dit veld moet een numerieke waarde hebben en {value} tekens lang zijn.,Geben Sie mindestens {value} Zahlen ein.,Ce champ doit avoir une valeur numérique et comporter {valeur} caractères.,Questo campo deve contenere un valore numerico e almeno {valore} caratteri.,Este campo debe contener un valor numérico y de {Wert} caracteres.,"Este campo deve conter um valor numérico e, no mínimo, {Wert} caracteres.",Dieses Feld muss einen numerischen Wert haben und aus {Wert} Zeichen bestehen.,Ce champ doit avoir une valeur numérique et comporter {valeur} caractères.,Αυτό το πεδίο πρέπει να έχει αριθμητική τιμή και να αποτελείται από {value} χαρακτήρες.,,"Ennek a mezőnek numerikus értékkel kell rendelkeznie, és {value} karakterből kell állnia.",Toto pole musí mít číselnou hodnotu a musí se skládat ze {value} znaků ,Toto pole musí obsahovať číselnú hodnotu a musí sa skladať aspoň z {value} znakov.,Acest câmp trebuie să aibă o valoare numerică și {value} caractere.,To polje mora vsebovati številsko vrednost in dolgo {value} znakov.,Ovo polje mora imati numeričku vrijednost i {value} znakova.
dynamicFieldMessage.dateBefore,This field must be a date before {value}.,This field must be a date before {value}.,This field must be a date before {value}.,Dette felt skal være en dato før {værdi}.,,Geben Sie ein korrektes Datum ein.,Geben Sie ein korrektes Datum ein.,,This field must be a date before {value}.,This field must be a date before {value}.,"Kenttään on syötettävä päivämäärä, joka on ennen {value}.",Ce champ doit être une date antérieure à {valeur}.,Questo campo deve avere una data antecedente a {valore}.,Dit veld moet een datum zijn voor {waarde}.,Dit veld moet een datum zijn voor {waarde}.,Dette feltet må være en dato før {verdi}.,,Ce champ doit être une date antérieure à {valeur}.,Dit veld moet een datum zijn voor {waarde}.,Geben Sie ein korrektes Datum ein.,Ce champ doit être une date antérieure à {valeur}.,Questo campo deve avere una data antecedente a {valore}.,Este campo debe ser una fecha anterior a {Wert}.,Neste campo deve ser introduzida uma data anterior a {Wert}.,"Dieses Feld muss ein Datum sein, das vor {Wert} liegt.",Ce champ doit être une date antérieure à {valeur}.,Αυτό το πεδίο πρέπει να είναι μια ημερομηνία πριν από την {value}.,,Ennek a mezőnek {value} előtti dátumnak kell lennie.,Tohle pole musí obsahovat datum před {value} ,Toto pole musí obsahovať dátum pred {value} ,Acest câmp trebuie să fie o dată anterioară {value}.,To polje mora biti datum pred {value}.,Ovo polje mora biti datum prije {value}.
dynamicFieldMessage.alpha,This field only allows alpha characters.,This field only allows alpha characters.,This field only allows alpha characters.,Dette felt accepterer kun alfabetiske tegn.,,In diesem Feld sind nur Buchstaben zulässig.,In diesem Feld sind nur Buchstaben zulässig.,,This field accepts only alphabetical characters.,This field only allows alpha characters.,Kentässä voi käyttää vain kirjaimia.,Seuls les lettres (majuscules) et les chiffres compris entre 0 et 9 sont autorisés dans ce champ. ,In questo campo sono ammesse solo lettere.,In dit veld zijn alleen (hoofd)letters en cijfers tussen 0 en 9 toegestaan. ,In dit veld zijn alleen (hoofd)letters en cijfers tussen 0 en 9 toegestaan. ,Dette feltet tillater kun bokstaver (store) og tall mellom 0 og 9.,,Seuls les lettres (majuscules) et les chiffres compris entre 0 et 9 sont autorisés dans ce champ. ,In dit veld zijn alleen (hoofd)letters en cijfers tussen 0 en 9 toegestaan. ,In diesem Feld sind nur Buchstaben zulässig.,Seuls les lettres (majuscules) et les chiffres compris entre 0 et 9 sont autorisés dans ce champ. ,In questo campo sono ammesse solo lettere.,En este campo solo están permitidas letras (mayúsculas) y números entre 0 y 9.,Neste campo é apenas permitido introduzir letras (maiúsculas) e números entre 0 e 9).,In diesem Feld sind nur Buchstaben (Großbuchstaben) und Zahlen zwischen 0 und 9 zulässig. ,Seuls les lettres (majuscules) et les chiffres compris entre 0 et 9 sont autorisés dans ce champ. ,Σε αυτό το πεδίο επιτρέπονται μόνο γράμματα (κεφαλαία) και αριθμοί μεταξύ του 0 και του 9. ,,Ebben a mezőben csak betűk (nagybetűk) és 0 és 9 közötti számok megengedettek.,V tomto poli jsou povolena pouze písmena,V tomto poli sú povolené iba písmená,Acest câmp permite doar litere.,To polje dovoljuje samo črkovne znake.,Ovo polje dopušta samo alfa znakove.
dynamicFieldMessage.ipvFour,This field only allows valid ipv4 addresses.,This field only allows valid ipv4 addresses.,This field only allows valid ipv4 addresses.,Dette felt tillader kun gyldige ipv4-adresser.,,Not necessary in AT,Not necessary in DE,,Not necessary in US,This field only allows valid ipv4 addresses.,Kenttä hyväksyy vain kelvollisen IPv4-osoitteen.,Seules les adresses IPv4 valides sont autorisées dans ce champ.,In questo campo sono ammessi solo indirizzi IPv4 validi.,In dit veld zijn alleen geldige ipv4-adressen toegestaan.,In dit veld zijn alleen geldige ipv4-adressen toegestaan.,Dette feltet tillater kun gyldige IPv4-adresser.,,Seules les adresses IPv4 valides sont autorisées dans ce champ.,In dit veld zijn alleen geldige ipv4-adressen toegestaan.,Not necessary in CH,Not necessary in CH,Not necessary in CH,En este campo solo están permitidas direcciones IPv4 válidas.,Neste campo é apenas permitido introduzir endereços IPv4 válidos.,In diesem Feld sind nur gültige IPv4-Adressen zulässig.,Seules les adresses IPv4 valides sont autorisées dans ce champ.,Σε αυτό το πεδίο επιτρέπονται μόνο έγκυρες διευθύνσεις IPv4.,,Csak érvényes IPv4-címek engedélyezettek ebben a mezőben.,Použijte pouze platnou IPv4 adresu.,Použite platnú IPv4 adresu.,Acest câmp permite numai adrese ipv4 valide.,To polje dovoljuje samo veljavne naslove ipv4.,Ovo polje dopušta samo važeće ipv4 adrese.
dynamicFieldMessage.SDI,This field only allows valid SDI.,This field only allows valid SDI.,This field only allows valid SDI.,Dette felt tillader kun gyldig SDI.,,Not necessary in AT,Not necessary in DE,,Not necessary in US,This field only allows valid SDI.,Kenttä hyväksyy vain kelvollisen SDI:n.,Ce champ n'autorise que les ID valides.,In questo campo sono ammessi solo codici SDI validi.,Dit veld staat alleen geldige SDI toe.,Dit veld staat alleen geldige SDI toe.,Dette feltet tillater kun gyldige ID-er.,,Ce champ n'autorise que les ID valides.,Dit veld staat alleen geldige ID toe.,Not necessary in CH,Not necessary in CH,Not necessary in CH,En este campo solo están permitidos IDs válidos.,Neste campo é apenas permitido introduzir IDs válidos.,In diesem Feld sind nur gültige IDs zulässig.,Ce champ n'autorise que les ID valides.,Αυτό το πεδίο επιτρέπει μόνο έγκυρα ID.,,Csak érvényes azonosítók engedélyezettek ebben a mezőben.,V tomto poli jsou povoleny pouze platné identifikátory.,V tomto poli sú povolené iba platné identifikátory. ,Acest câmp permite numai ID-uri valide. ,To polje dovoljuje samo veljaven SDI.,Ovo polje dopušta samo važeći SDI.
dynamicFieldMessage.alphaNumSpace,"This field only allows alpha, space and numerical characters.","This field only allows alpha, space and numerical characters.","This field only allows alpha, space and numerical characters.","Dette felt tillader kun alfabetiske tegn, mellemrum og numeriske cifre.",,"In diesem Feld sind nur Buchstaben, Leerzeichen und Zahlen zulässig.","In diesem Feld sind nur Buchstaben, Leerzeichen und Zahlen zulässig.",,"This field allows only alphabetical characters, spaces, and numerical digits.","This field only allows alpha, space and numerical characters.","Kentässä voi käyttää vain kirjaimia, välilyöntejä ja numeroita.","Seuls les lettres (majuscules), les espaces et les caractères numériques sont autorisés dans ce champ.","In questo campo sono ammessi solo lettere, numeri e spazi.","In dit veld zijn alleen (hoofd)letters, spatie- en numerieke tekens toegestaan.","In dit veld zijn alleen (hoofd)letters, spatie- en numerieke tekens toegestaan.","Dette feltet tillater kun bokstaver (store), mellomrom og numeriske tegn.",,"Seuls les lettres (majuscules), les espaces et les caractères numériques sont autorisés dans ce champ.","In dit veld zijn alleen (hoofd)letters, spatie- en numerieke tekens toegestaan.","In diesem Feld sind nur Buchstaben, Leerzeichen und Zahlen zulässig.","Seuls les lettres (majuscules), les espaces et les caractères numériques sont autorisés dans ce champ.","In questo campo sono ammessi solo lettere, numeri e spazi.","En este campo solo están permitidas letras (mayúsculas), espacios y números.","Neste campo é apenas permitido introduzir letras (maiúsculas), espaços e números).","In diesem Feld sind nur Buchstaben (Großbuchstaben), Leerzeichen und numerische Zeichen zulässig.","Seuls les lettres (majuscules), les espaces et les caractères numériques sont autorisés dans ce champ.","Σε αυτό το πεδίο επιτρέπονται μόνο γράμματα (κεφαλαία), κενά και αριθμητικοί χαρακτήρες.",,"Ebben a mezőben csak betűk (nagybetűk), szóközök és numerikus karakterek használhatók.","V tomto poli jsou povolena pouze písmena, mezery a číselné znaky.","V tomto poli sú povolené iba písmená, medzery a číselné znaky.","Acest câmp permite numai litere, spațiu și caractere numerice.","To polje dovoljuje samo črke, presledke in številke.","Ovo polje dopušta samo alfa, razmak i numeričke znakove."
dynamicFieldMessage.notIn,"This field must not be contained within the following values, {value}.","This field must not be contained within the following values, {value}.","This field must not be contained within the following values, {value}.",Dette felt må ikke være indeholdt i de følgende værdier {værdi}.,,Dieses Feld darf die folgenden Werte nicht enthalen: {value},Dieses Feld darf die folgenden Werte nicht enthalen: {value},,This field must not contain any of the following values: {value}.,"This field must not be contained within the following values, {value}.",Kentässä ei saa esiintyä seuraavia arvoja: {value}.,"Ce champ ne doit pas apparaître dans les valeurs suivantes, {valeur}.",Questo campo non deve contenere i seguenti valori: {valore}.,"Dit veld mag niet voorkomen in de volgende waarden, {waarde}.","Dit veld mag niet voorkomen in de volgende waarden, {waarde}.","Dette feltet må ikke forekomme i følgende verdier, {verdi}",,"Ce champ ne doit pas apparaître dans les valeurs suivantes, {valeur}.","Dit veld mag niet voorkomen in de volgende waarden, {waarde}.",Dieses Feld darf die folgenden Werte nicht enthalen: {value},"Ce champ ne doit pas apparaître dans les valeurs suivantes, {valeur}.",Questo campo non deve contenere i seguenti valori: {valore}.,"Este campo no debe aparecer en los siguientes valores,  {Wert}.","Neste campo não devem aparecer os seguintes valores, {Wert}.","Dieses Feld darf nicht in den folgenden Werten vorkommen, {Wert}.","Ce champ ne doit pas apparaître dans les valeurs suivantes, {valeur}.","Αυτό το πεδίο δεν πρέπει να εμφανίζεται στις ακόλουθες τιμές, {value}",,Ezt a mezőt nem tartalmazhatják a következő értékek: {value}.,"Toto pole nesmí obsahovat následující hodnoty, {value}.","Toto pole nesmie obsahovať nasledujúce hodnoty, {value}. ","Acest câmp nu trebuie să fie cuprins în următoarele valori, {value}.","To polje ne sme vsebovati naslednjih vrednosti, {value}.","Ovo polje ne smije biti sadržano unutar sljedećih vrijednosti, {value}."
dynamicFieldMessage.different,This field must not be the same as {value}.,This field must not be the same as {value}.,This field must not be the same as {value}.,Dette felt må ikke være det samme som {værdi}.,,Dieses Feld darf nicht mit {value} identisch sein.,Dieses Feld darf nicht mit {value} identisch sein.,,This field must not be the same as {value}.,This field must not be the same as {value}.,Kentän arvo ei saa olla sama kuin {value}.,Ce champ ne doit pas être identique à {valeur}.,Questo campo non deve essere uguale a {valore}.,Dit veld mag niet hetzelfde zijn als {waarde}.,Dit veld mag niet hetzelfde zijn als {waarde}.,Dette feltet må ikke være identisk med {verdi}.,,Ce champ ne doit pas être identique à {valeur}.,Dit veld mag niet hetzelfde zijn als {waarde}.,Dieses Feld darf nicht mit {value} identisch sein.,Ce champ ne doit pas être identique à {valeur}.,Questo campo non deve essere uguale a {valore}.,Este campo no puede ser idéntico a {Wert}.,Este campo não pode ser idêntico a {Wert}.,Dieses Feld darf nicht mit {Wert} identisch sein.,Ce champ ne doit pas être identique à {valeur}.,Αυτό το πεδίο δεν πρέπει να είναι το ίδιο με το {value}.,,Ez a mező nem egyezhet meg a(z) {value} mezővel.,Toto pole nesmí být stejné jako {value}.,Toto pole sa nesmie zhodovať s {value}.,Acest câmp nu trebuie să fie același cu {value}.,To polje ne sme biti enako kot {value}.,Ovo polje ne smije biti isto što i {value}.
dynamicFieldMessage.equality,{value} fields do not match.,{value} fields do not match.,{value} fields do not match.,{værdi} felter matcher ikke.,,Die Felder {value} stimmen nicht überein.,Die Felder {value} stimmen nicht überein.,,{value} fields do not match.,{value} fields do not match.,{value} kentät eivät täsmää.,Les champs {valeur} ne correspondent pas.,I campi {valore} non corrispondono.,{waarde} velden komen niet overeen.,{waarde} velden komen niet overeen.,{verdi}-feltene stemmer ikke overens.,,Les champs {valeur} ne correspondent pas.,{waarde} velden komen niet overeen.,Die Felder {value} stimmen nicht überein.,Les champs {valeur} ne correspondent pas.,I campi {valore} non corrispondono.,Estos campos {Wert} no coinciden.,Estes campos {Wert} não coincidem.,Die Felder {Westimmen nicht überein.,Les champs {valeur} ne correspondent pas.,Τα πεδία {value} δεν ταιριάζουν.,,Az {value} mezők nem egyeznek.,Pole {value} se neshodují,{value} polia sa nezhodujú,Câmpurile {value} nu corespund.,{value} polja se ne ujemajo.,{value} polja se ne podudaraju.
dynamicFieldMessage.between,This field must be between {value},This field must be between {value},This field must be between {value},Dette felt skal være mellem {værdi}. ,,Dieses Feld muss zwischen {value} liegen.,Dieses Feld muss zwischen {value} liegen.,,This field must be between {value}. ,This field must be between {value},Kentän arvon on oltava {value}.,Ce champ doit être compris entre {valeur}.,Questo campo deve essere compreso tra {valore}.,Dit veld moet tussen {waarde}.,Dit veld moet tussen {waarde}.,Dette feltet må ligge mellom {verdi},,Ce champ doit être compris entre {valeur}.,Dit veld moet tussen {waarde}.,Dieses Feld muss zwischen {value} liegen.,Ce champ doit être compris entre {valeur}.,Questo campo deve essere compreso tra {valore}.,Este campo debe estar entre {Wert}.,Este campo deve estar entre {Wert}.,Dieses Feld muss zwischen {Wert} liegen.,Ce champ doit être compris entre {valeur}.,Αυτό το πεδίο πρέπει να είναι μεταξύ {value}.,,Ennek a mezőnek {érték} között kell lennie.,Toto pole musí být mezi {value}.,Toto pole musí byť medzi {value}.,Acest câmp trebuie să fie între {value},To polje mora biti med {value},Ovo polje mora biti između {value}
dynamicFieldMessage.email,This field only allows valid e-mail addresses.,This field only allows valid e-mail addresses.,This field only allows valid e-mail addresses.,Dette felt tillader kun gyldige e-mailadresser.,,Geben Sie eine gültige E-Mail Adresse ein.,Geben Sie eine gültige E-Mail Adresse ein.,,This field only allows valid email addresses.,This field only allows valid e-mail addresses.,Kenttään voi syöttää vain kelvollisen sähköpostiosoitteen.,Ce champ n'autorise que les adresses e-mail valides.,In questo campo vengono ammessi solo indirizzi e-mail validi.,In dit veld zijn alleen geldige e-mailadressen toegestaan.,In dit veld zijn alleen geldige e-mailadressen toegestaan.,Dette feltet tillater kun gyldige e-postadresser.,,Seules les adresses électroniques valides sont autorisées dans ce champ.,In dit veld zijn alleen geldige e-mailadressen toegestaan.,Geben Sie eine gültige E-Mail Adresse ein.,Seules les adresses électroniques valides sont autorisées dans ce champ.,In questo campo vengono ammessi solo indirizzi e-mail validi.,En este campo tan solo están permitidas direcciones de e-mail.,Neste campo é apenas permitido introduzir endereços de e-mail.,In diesem Feld sind nur gültige E-Mail-Adressen erlaubt.,Seules les adresses électroniques valides sont autorisées dans ce champ.,Μόνο έγκυρες διευθύνσεις ηλεκτρονικού ταχυδρομείου (e-mail) επιτρέπονται σε αυτό το πεδίο.,,Ebben a mezőben csak érvényes e-mail címek szerepelhetnek.,Lze zadat pouze platné e-mailové adresy.,Je možné zadať iba platné e-mailové adresy.,Acest câmp permite numai adrese de e-mail valide.,To polje dovoljuje samo veljavne e-poštne naslove.,Ovo polje dopušta samo važeće adrese e-pošte.
dynamicFieldMessage.dateInvalid,This field must be a valid date.,This field must be a valid date.,This field must be a valid date.,Dette felt skal være en gyldig dato.,,Geben Sie ein gültiges Datum ein.,Geben Sie ein gültiges Datum ein.,,This field must be a valid date.,This field must be a valid date.,Kenttään on syötettävä kelvollinen päivämäärä.,Ce champ doit être une date valide.,Questo campo deve contenere una data valida.,Dit veld moet een geldige datum zijn.,Dit veld moet een geldige datum zijn.,Dette feltet må ha en gyldig dato,,Ce champ doit être une date valide.,Dit veld moet een geldige datum zijn.,Geben Sie ein gültiges Datum ein.,Ce champ doit être une date valide.,Questo campo deve contenere una data valida.,Este campo debe ser una fecha válida.,Este campo deve ver uma data válida.,Dieses Feld muss ein gültiges Datum sein.,Ce champ doit être une date valide.,Αυτό το πεδίο πρέπει να περιέχει μια έγκυρη ημερομηνία.,,Ebben a mezőben érvényes dátumnak kell lennie.,Musí obsahovať platné datum.,Musí obsahovať platný dátum.,Acest câmp trebuie să fie o dată validă.,To polje mora biti veljaven datum.,Ovo polje mora biti važeći datum.
dynamicFieldMessage.IBAN,IBAN is invalid.,IBAN is invalid.,IBAN is invalid.,IBAN er ugyldig.,,Not necessary in AT,IBAN ist ungültig,,Not necessary in US,IBAN is invalid.,IBAN on virheellinen.,Not necessary in FR,IBAN non valido.,IBAN is ongeldig.,IBAN is ongeldig.,IBAN er ugyldig.,,IBAN n'est pas valide.,IBAN is ongeldig.,IBAN ist ungültig,IBAN n'est pas valide.,IBAN non valido.,IBAN incorrecto.,IBAN incorreto.,IBAN ist ungültig.,IBAN n'est pas valide.,Το IBAN δεν είναι έγκυρο.,,IBAN érvénytelen.,Neplatný IBAN,Neplatný IBAN,IBAN-ul nu este valid.,IBAN je neveljaven.,IBAN je nevažeći.
dynamicFieldMessage.max,This field must be equal to or less than {value}.,This field must be equal to or less than {value}.,This field must be equal to or less than {value}.,Dette felt skal være lig med eller mindre end {værdi}.,,Not necessary in AT,Dieses Feld muss kleiner oder gleich (value) sein.,,This field must be equal to or less than {value}.,This field must be equal to or less than {value}.,Kentän arvon on oltava enintään {value}.,Ce champ doit être égal ou inférieur à {valeur}.,Questo campo deve essere uguale o inferiore a {valore}.,Dit veld moet gelijk zijn aan of kleiner zijn dan {waarde}.,Dit veld moet gelijk zijn aan of kleiner zijn dan {waarde}.,Dette feltet må være lik eller mindre enn {verdi}.,,Ce champ doit être égal ou inférieur à {valeur}.,Dit veld moet gelijk zijn aan of kleiner zijn dan {waarde}.,Dieses Feld muss kleiner oder gleich (value) sein.,Ce champ doit être égal ou inférieur à {valeur}.,Questo campo deve essere uguale o inferiore a {valore}.,Este campo debe ser igual o menor que {Wert}.,Este campo deve ser igual ou menor que {Wert}.,Dieses Feld muss gleich oder kleiner als {Wert} sein.,Ce champ doit être égal ou inférieur à {valeur}.,Αυτό το πεδίο πρέπει να είναι ίσο ή μικρότερο από {value}.,,Ennek a mezőnek egyenlőnek vagy kisebbnek kell lennie a következőnél: {value}.,Pole musí být stejné nebo menší než {value}.,"Polia sa musia zhodovať, alebo byť menšie ako {value}.",Acest câmp trebuie să fie egal sau mai mic decât {value}.,To polje mora biti enako ali manjše od {value}.,Ovo polje mora biti jednako ili manje od {value}.
dynamicFieldMessage.requiredIf,This field is required if the value of {value} equals {value2}.,This field is required if the value of {value} equals {value2}.,This field is required if the value of {value} equals {value2}.,"Dette felt er obligatorisk, hvis {værdi} er lig med {værdi2}.",,Not necessary in AT,,,This field is required if {value} is equal to {value2}.,This field is required if the value of {value} equals {value2}.,"Tämä kenttä on pakollinen, jos {value} on yhtä suuri kuin {value2}.",Ce champ est obligatoire si la valeur de {valeur} est égale à {valeur2}.,Questo campo è obbligatorio se il valore di {valore} è uguale a {valore2}.,Dit veld is vereist als de waarde van {value} gelijk is aan {value2}.,Dit veld is vereist als de waarde van {value} gelijk is aan {value2}.,Dette feltet er obligatorisk hvis verdien av {verdi} er lik {verdi2}.,,Ce champ est obligatoire si la valeur de {valeur} est égale à {valeur2}.,Dit veld is vereist als de waarde van {value} gelijk is aan {value2}.,Dieses Feld muss kleiner oder gleich (value) sein.,Ce champ est obligatoire si la valeur de {valeur} est égale à {valeur2}.,Questo campo è obbligatorio se il valore di {valore} è uguale a {valore2}.,"Este campo es obligatorio, si el valor de {Wert} es igual que {Wert2}.","Este campo é obrigatório, se o valor de {Wert} for igual a {Wert2}.","Dieses Feld ist obligatorisch, wenn der Wert von {Wert} gleich {Wert2} ist.",Ce champ est obligatoire si la valeur de {valeur} est égale à {valeur2}.,Αυτό το πεδίο είναι υποχρεωτικό εάν η τιμή του {value} είναι ίση με το {value2}.,,"Ez a mező kötelező, ha a(z) {value} értéke egyenlő a(z) {value2} értékkel.","Toto pole je povinné, pokud se {value} rovná {value2}.","Toto pole je povinné, ak sa {value} rovná {value2}.",Acest câmp este obligatoriu dacă valoarea lui {value} este egală cu {value2}.,"To polje je obvezno, če je vrednost {value} enaka {value2}.",Ovo polje je obavezno ako je vrijednost {value} jednaka {value2}.
dynamicFieldMessage.accepted,This field must be accepted.,This field must be accepted.,This field must be accepted.,Dette felt skal accepteres.,,Dies ist ein Pflichtfeld.,Dies ist ein Pflichtfeld.,,Please ensure this field has an acceptable value.,This field must be accepted.,Kenttä on hyväksyttävä.,Ce champ doit être accepté.,Questo campo deve essere accettato.,Dit veld moet worden geaccepteerd.,Dit veld moet worden geaccepteerd.,Dette feltet må aksepteres.,,Ce champ doit être accepté.,Dit veld moet worden geaccepteerd.,Dies ist ein Pflichtfeld.,Ce champ doit être accepté.,Questo campo deve essere accettato.,Es imprescindible aceptar este campo.,É imprescindível aceitar este campo.,Dieses Feld muss akzeptiert werden.,Ce champ doit être accepté.,Είναι απαραίτητο να αποδεχθείτε αυτό το πεδίο.,,Ezt a mezőt el kell fogadni.,Toto pole musí být akceptováno.,Toto pole musí byť akceptované.,Acest câmp trebuie acceptat.,To polje mora biti sprejeto.,Ovo polje mora biti prihvaćeno.
dynamicFieldMessage.taxNumber,The entered Tax Number is invalid.,The entered Tax Number is invalid.,The entered Tax Number is invalid.,Det indtastede CPR-nummer er ugyldigt.,,Not necessary in AT,,,Not necessary in US,The entered Tax Number is invalid.,Syötetty arvonlisäverotunniste (VAT-numero) on virheellinen.,Le numéro de TVA saisi n'est pas valide.,Partita IVA non valida. Segui questo esempio: IT00012345678,Het ingevoerde btw-nummer is ongeldig.,Het ingevoerde btw-nummer is ongeldig.,Det inntastede MVA-nummeret er ugyldig.,,Le numéro de TVA introduit n'est pas valide.,Het ingevoerde btw-nummer is ongeldig.,Not necessary in CH,Not necessary in CH,Not necessary in CH,El número de identificación fiscal es incorrecto.,O número de identificação fiscal está incorreto.,Die eingegebene USt-IdNr. ist ungültig.,Le numéro de TVA introduit n'est pas valide.,Ο αριθμός φορολογικού μητρώου που έχει εισαχθεί δεν είναι έγκυρος.,,A megadott adószám érvénytelen.,Uvedené daňové číslo je neplatné.,Uvedené daňové číslo je neplatné.,Numărul de taxă introdus nu este valid.,Vnesena davčna številka je neveljavna.,Uneseni porezni broj je nevažeći.
dynamicFieldMessage.vatTaxNumber,This field only allows a valid VAT Tax Number.,This field only allows a valid VAT Tax Number.,This field only allows a valid VAT Tax Number.,Dette felt tillader kun et gyldigt momsnummer.,,Not necessary in AT,Dieses Feld erlaubt nur gültige USt-Id Nummern.,,Not necessary in US,This field only allows a valid VAT Tax Number.,Kenttään voi syöttää vain kelvollisen arvonlisäverotunnisteen (VAT-numeron),Seul un numéro de TVA valide est autorisé dans ce champ.,In questo campo è ammesso solo un numero di Partita IVA valido. Segui questo esempio: IT00012345678,In dit veld is alleen een geldig btw-nummer toegestaan.,In dit veld is alleen een geldig btw-nummer toegestaan.,Kun et gyldig MVA-nummer er tillatt i dette feltet.,,Seul un numéro de TVA valide est autorisé dans ce champ.,In dit veld is alleen een geldig btw-nummer toegestaan.,Not necessary in CH,Not necessary in CH,Not necessary in CH,En este campo tan solo está permitido introducir un número de identificación fiscal correcto.,Neste campo é apenas permitido introduzir o número de identificação fiscal correto.,In diesem Feld ist nur eine gültige USt-IdNr. zulässig.,Seul un numéro de TVA valide est autorisé dans ce champ.,Στο πεδίο αυτό μπορεί να εισαχθεί μόνο ο έγκυρος αριθμός φορολογικού μητρώου.,,Ez a mező csak érvényes adószámot engedélyez.,Toto pole umožňuje zadat pouze platné daňové identifikační číslo.,Zadajte platné daňové identifikačné číslo.,Acest câmp permite numai un număr valid de TVA.,To polje dovoljuje samo veljavno davčno številko za DDV.,Ovo polje dopušta samo važeći PDV porezni broj.
dynamicFieldMessage.companyVatNumber,Please enter the organisation number with 9 digits,Please enter the organisation number with 9 digits,Please enter the organisation number with 9 digits,Indtast CVR-nummeret her,,Not necessary in AT,,,Not necessary in US,Please enter the organisation number with 9 digits,Syötä Y-tunnus.,Veuillez saisir le numéro de l'organisation à 9 chiffres,Not necessary in IT,Voer het organisatienummer van 9 cijfers in,Voer het organisatienummer van 9 cijfers in,Skriv inn organisasjonsnummeret her,,Saisissez le numéro d'organisation à 9 chiffres.,Voer het organisatienummer van 9 cijfers in.,Not necessary in CH,Not necessary in CH,Not necessary in CH,Introduci las 9 posiciones del número de organización.,Introduza os 9 algarismos do número de organização.,Geben Sie die 9-stellige Organisationsnummer ein.,Saisissez le numéro d'organisation à 9 chiffres.,Πληκτρολογήστε τον 9ψήφιο αριθμό του οργανισμού σας.,,Adja meg a szervezet 9 számjegyű számát.,Zadejte 8 místní identifikační číslo.,Zadajte 8 miestne identifikačné číslo.,Vă rugăm să introduceți numărul companiei. ,Vnesite 9-mestno številko organizacije,Unesite broj organizacije s 9 znamenki
dynamicFieldMessage.maxLengthNoSpace,This field must be {value} or less characters long,This field must be {value} or less characters long,This field must be {value} or less characters long,Dette felt skal bestå af {værdi} tegn eller mindre.,,Dieses Feld darf höchstens {value} Zeichen lang sein.,Dieses Feld darf höchstens {value} Zeichen lang sein.,,This field must be {value} characters or less.,This field must be {value} or less characters long,Kenttään voi syöttää enintään {value} merkkiä.,Ce champ ne doit pas comporter plus de {valeur} caractères.,Questo campo deve essere di lunghezza pari o inferiore a {valore}.,Dit veld moet {waarde} of minder tekens lang zijn.,Dit veld moet {waarde} of minder tekens lang zijn.,Dette feltet må ikke inneholde mer enn {verdi} tegn.,,Ce champ ne doit pas comporter plus de {valeur} caractères.,Dit veld moet {waarde} of minder tekens lang zijn.,Dieses Feld darf höchstens {value} Zeichen lang sein.,Ce champ ne doit pas comporter plus de {valeur} caractères.,Questo campo deve essere di lunghezza pari o inferiore a {valore}.,Este campo no puede contener más de {Wert} caracteres.,Este campo não pode conter mais de {Wert} caracteres.,Dieses Feld darf nicht mehr als {Wert} Zeichen enthalten.,Ce champ ne doit pas comporter plus de {valeur} caractères.,Αυτό το πεδίο δεν πρέπει να περιέχει περισσότερους από {value} χαρακτήρες.,,Ennek a mezőnek legfeljebb {value} karakter hosszúságúnak kell lennie.,Toto pole nesmí být delší než {value} znaků.,Toto pole nesmie byť dlhšie ako {value}.,Acest câmp trebuie să aibă {value} sau mai puține caractere.,To polje mora imeti {value} ali manj znakov.,Ovo polje mora imati {value} ili manje znakova.
dynamicFieldMessage.url,This field only allows valid URLs.,This field only allows valid URLs.,This field only allows valid URLs.,Dette felt accepterer kun gyldige URL'er.,,Not necessary in AT,Dieses Feld erlaubt nur gültige URLs.,,This field accepts only valid URLs.,This field only allows valid URLs.,Kenttään voi syöttää vain kelvollisen URL-osoitteen.,Seules les URL valides sont autorisées dans ce champ.,In questo campo sono ammessi solo URL validi.,In dit veld zijn alleen geldige url's toegestaan.,In dit veld zijn alleen geldige url's toegestaan.,Kun gyldige URL-er er tillatt i dette feltet.,,Seules les URL valides sont autorisées dans ce champ.,In dit veld zijn alleen geldige url's toegestaan.,Dieses Feld erlaubt nur gültige URLs.,Seules les URL valides sont autorisées dans ce champ.,In questo campo sono ammessi solo URL validi.,En este campo solo están permitidas URLs válidas.,Nestes campo é apenas permitido introduzir URL válidas.,In diesem Feld sind nur gültige URLs zulässig.,Seules les URL valides sont autorisées dans ce champ.,Σε αυτό το πεδίο επιτρέπονται μόνο έγκυρες διευθύνσεις URL.,,Csak érvényes URL-ek engedélyezettek ebben a mezőben.,V tomto poli jsou povoleny pouze platné adresy URL.,V tomto poli sú povolené iba platné URL adresy.,Acest câmp permite numai adrese URL valide.,To polje dovoljuje samo veljavne URL-je.,Ovo polje dopušta samo važeće URL-ove.
dynamicFieldMessage.requiredIfNot,This field is required if the value of {value} does not equal {value2}.,This field is required if the value of {value} does not equal {value2}.,This field is required if the value of {value} does not equal {value2}.,"Dette felt er påkrævet, hvis {værdi} ikke er lig med {værdi2}.",,Not necessary in AT,,,This field is required if {value} is not equal to {value2}.,This field is required if the value of {value} does not equal {value2}.,"Tämä kenttä on pakollinen, jos {value} ei ole yhtä suuri kuin {value2}",Ce champ est obligatoire si la valeur de {valeur} n'est pas égale à {valeur2}.,Questo campo è obbligatorio se il valore di {valore} non è uguale a {valore2}.,Dit veld is vereist als de waarde van {waarde} niet gelijk is aan {waarde2}.,Dit veld is vereist als de waarde van {waarde} niet gelijk is aan {waarde2}.,Dette feltet er obligatorisk hvis verdien av {verdi} ikke er lik {verdi2}.,,Ce champ est obligatoire si la valeur de {valeur} n'est pas égale à {valeur2}.,Dit veld is vereist als de waarde van {waarde} niet gelijk is aan {waarde2}.,Not necessary in CH,Not necessary in CH,Not necessary in CH,Este campo es obligatorio si el valor de {Wert} no es igual al de {Wert2}.,"Este campo é obrigatório, se o valor de {Wert} não for igual a {Wert2}","Dieses Feld ist obligatorisch, wenn der Wert von {Wert} nicht gleich {Wert2} ist.",Ce champ est obligatoire si la valeur de {valeur} n'est pas égale à {valeur2}.,Αυτό το πεδίο είναι υποχρεωτικό εάν η τιμή {value} δεν είναι ίση με {value2}.,,"A mező kitöltése kötelező, ha a(z) {value} értéke nem egyenlő a(z) {value} értékkel.","Toto pole je povinné, pokud se hodnota {value} nerovná {value}.","Toto pole je povinné, ak sa hodnota {value} nerovná {value}",Acest câmp este obligatoriu dacă valoarea lui {value} nu este egală cu {value2}.,"To polje je obvezno, če vrednost {value} ni enaka {value2}.",Ovo polje je obavezno ako vrijednost {value} nije jednaka {value2}.
dynamicFieldMessage.alphaNum,"This field only allows alpha, dash, underscore and numerical characters.","This field only allows alpha, dash, underscore and numerical characters.","This field only allows alpha, dash, underscore and numerical characters.","Dette felt accepterer kun alfabetiske tegn, bindestreger, understregningstegn og numeriske cifre.",,"In diesem Feld sind nur Buchstaben, Bindestriche, Unterstriche und Zahlen zulässig.","In diesem Feld sind nur Buchstaben, Bindestriche, Unterstriche und Zahlen zulässig.",,"This field accepts only alphabetical characters, dashes, underscores, and numerical digits.","This field only allows alpha, dash, underscore and numerical characters.","Kentässä voi käyttää vain kirjaimia, yhdysmerkkejä, alaviivoja ja numeroita.","Seuls les caractères (majuscules), le trait d'union, le tiret du bas et les caractères numériques sont autorisés dans ce champ.","In questo campo sono ammessi solo lettere, numeri, trattini e trattini bassi.","In dit veld zijn alleen (hoofd)letters, streep-, underscore- en numerieke tekens toegestaan.","In dit veld zijn alleen (hoofd)letters, streep-, underscore- en numerieke tekens toegestaan.","Bare store bokstaver, bindestreker, understrekninger og tall er tillatt i dette feltet.",,"Seuls les caractères (majuscules), le trait d'union, le trait de soulignement et les caractères numériques sont autorisés dans ce champ.","In dit veld zijn alleen (hoofd)letters, streep-, underscore- en numerieke tekens toegestaan.","In diesem Feld sind nur Buchstaben, Bindestriche, Unterstriche und Zahlen zulässig.","Seuls les caractères (majuscules), le trait d'union, le trait de soulignement et les caractères numériques sont autorisés dans ce champ.","In questo campo sono ammessi solo lettere, numeri, trattini e trattini bassi.","En este campo solo están permitidos caracteres (mayúsculas), guiones, guiones bajos y numéricos.","Neste campo é apenas permitido introduzir caracteres (maiúsculas), traços, underscores e algarismos.","In diesem Feld sind nur Zeichen (Großbuchstaben), der Bindestrich, der Unterstrich und numerische Zeichen zulässig.","Seuls les caractères (majuscules), le trait d'union, le trait de soulignement et les caractères numériques sont autorisés dans ce champ.","Στο πεδίο αυτό επιτρέπονται μόνο κεφαλαία γράμματα, άνω και κάτω παύλες και αριθμητικοί χαρακτήρες.",,"Ebben a mezőben csak nagybetűk, kötőjel, aláhúzás és numerikus karakterek használhatók.","V tomto poli lze použít pouze písmena, pomlčky, podtržítka a číslice.","V tomto poli sa môžu používať len písmená, pomlčky, podčiarkovníky a číslice.","Acest câmp permite numai litere, liniuță, caractere de subliniere și numerice.","To polje dovoljuje samo črke, pomišljaj, podčrtaje in številke.","Ovo polje dopušta samo alfa, crticu, podvlaku i numeričke znakove."
dynamicFieldMessage.contains,"This field must be one of the following values, {value}.","This field must be one of the following values, {value}.","This field must be one of the following values, {value}.",Dette felt skal være en af følgende værdier: {værdi}.,,Geben Sie einen der folgenden Werte ein: {value}.,Geben Sie bitte einen der folgenden Werte ein: {value}.,,This field must be one of the following values: {value}.,"This field must be one of the following values, {value}.",Kentän arvon on oltava jokin seuraavista: {value},"Ce champ doit avoir l'une des valeurs suivantes, {valeur}.",Questo campo deve avere uno dei seguenti valori: {valore}.,"Dit veld moet een van de volgende waarden hebben, {value}.","Dit veld moet een van de volgende waarden hebben, {value}.","Dette feltet må ha en av følgende verdier, {verdi}.",,"Ce champ doit avoir l'une des valeurs suivantes, {valeur}.","Dit veld moet een van de volgende waarden hebben, {value}.",Geben Sie bitte einen der folgenden Werte ein: {value}.,"Ce champ doit avoir l'une des valeurs suivantes, {valeur}.",Questo campo deve avere uno dei seguenti valori: {valore}.,"Este campo debe contener uno de los siguientes valores, {Wert}.","Este campo deve conter um dos seguintes valores, {Wert}.","Dieses Feld muss einen der folgenden Werte haben, {Wert}.","Ce champ doit avoir l'une des valeurs suivantes, {valeur}.","Αυτό το πεδίο πρέπει να έχει μία από τις ακόλουθες τιμές, {value}.",,Ennek a mezőnek a következő értékek egyikével kell rendelkeznie: {value}.,Toto pole musí mít jednu z následujících hodnot: {value}. ,Toto pole musí mať jednu z nasledujúcich hodnôt: {value}.,"Acest câmp trebuie să fie una dintre următoarele valori, {value}.","To polje mora biti ena od naslednjih vrednosti, {value}.","Ovo polje mora biti jedna od sljedećih vrijednosti, {value}."
dynamicFieldMessage.dateAfter,This field must be a date after {value}.,This field must be a date after {value}.,This field must be a date after {value}.,"Dette felt skal være en dato, der ligger efter {værdi}.",,Geben Sie ein gültiges Datum ein.,Geben Sie bitte ein gültiges Datum ein.,,This field must be a date that is after {value}.,This field must be a date after {value}.,Kentän arvon on oltava {value} jälkeinen päivämäärä.,Ce champ doit être une date postérieure à {valeur}.,Questo campo deve avere una data successiva a {valore}.,Dit veld moet een datum zijn na {waarde}.,Dit veld moet een datum zijn na {waarde}.,Dette feltet må være en dato etter {verdi},,Ce champ doit être une date postérieure à {valeur}.,Dit veld moet een datum zijn na {waarde}.,Geben Sie bitte ein gültiges Datum ein.,Ce champ doit être une date postérieure à {valeur}.,Questo campo deve avere una data successiva a {valore}.,Este campo debe ser una fecha posterior a {Wert}.,Neste campo deve ser introduzida uma data posterior a {Wert}.,Dieses Feld muss ein Datum nach {Wert} sein.,Ce champ doit être une date postérieure à {valeur}.,Σε αυτό το πεδίο πρέπει να εισαχθεί μια ημερομηνία μετά από {value}.,,Ennek a mezőnek {value} utáni dátumnak kell lennie.,Zadejte datum po {value}.,Zadajte dátum po {value} dátume.,Acest câmp trebuie să fie o dată după {value}.,To polje mora biti datum po {value}.,Ovo polje mora biti datum nakon {value}.
dynamicFieldMessage.betweenLength,This field must be between {value} characters long.,This field must be between {value} characters long.,This field must be between {value} characters long.,Dette felt skal være mellem {værdi} tegn.,,Dieses Feld muss zwischen {value} Zeichen lang sein.,Dieses Feld muss zwischen {value} Zeichen lang sein.,,This field must be between {value} characters.,This field must be between {value} characters long.,Kentän arvon on oltava {value} merkkiä.,Ce champ doit contenir entre {valeur} caractères.,Questo campo deve avere una lunghezza compresa tra {valore} caratteri.,Dit veld moet tussen {waarde} karakters lang zijn.,Dit veld moet tussen {waarde} karakters lang zijn.,Dette feltet må være mellom {verdi} tegn.,,Ce champ doit contenir entre {valeur} caractères.,Dit veld moet tussen {waarde} karakters lang zijn.,Dieses Feld muss zwischen {value} Zeichen lang sein.,Ce champ doit contenir entre {valeur} caractères.,Questo campo deve avere una lunghezza compresa tra {valore} caratteri.,Este campo debe contener entre {Wert} caracteres.,Este campo deve conter entre {Wert} caracteres.,Dieses Feld muss zwischen {Wert} Zeichen enthalten.,Ce champ doit contenir entre {valeur} caractères.,Αυτό το πεδίο πρέπει να περιέχει χαρακτήρες μεταξύ {value}.,,Ennek a mezőnek {value} karaktert kell tartalmaznia.,Toto pole musí obsahovat znak {value}.,Toto pole musí obsahovať {value}.,Acest câmp trebuie să aibă între {value} caractere.,To polje mora biti dolgo med {value} znakov.,Ovo polje mora imati između {value} znakova.
dynamicFieldMessage.invalid,This field is invalid.,This field is invalid.,This field is invalid.,Dette felt er ugyldigt.,,Die Eingabe ist unzulässig.,Die Eingabe ist unzulässig.,,This field is invalid.,This field is invalid.,Kenttä on virheellinen.,Ce champ n'est pas valide.,Questo campo non è valido.,Dit veld is ongeldig.,Dit veld is ongeldig.,Dette feltet er ugyldig.,,Ce champ n'est pas valide.,Dit veld is ongeldig.,Die Eingabe ist unzulässig.,Ce champ n'est pas valide.,Questo campo non è valido.,Este campo no es válido.,Este campo não é válido.,Dieses Feld ist ungültig.,Ce champ n'est pas valide.,Αυτό το πεδίο δεν είναι έγκυρο.,,Ez a mező érvénytelen.,Toto pole je neplatné.,Toto pole je neplatné.,Acest câmp nu este valid.,To polje ni veljavno.,Ovo polje je nevažeće.
dynamicFieldMessage.digits,This field must be a numerical value.,This field must be a numerical value.,This field must be a numerical value.,Dette felt skal være en numerisk værdi.,,Geben Sie ausschließlich Zahlen ein.,Geben Sie ausschließlich Zahlen ein.,,This field must be a numeric value.,This field must be a numerical value.,Kenttään on syötettävä numero.,Ce champ doit être une valeur numérique.,Questo campo deve contenere un valore numerico.,Dit veld moet een numerieke waarde zijn.,Dit veld moet een numerieke waarde zijn.,Dette feltet må være en tallverdi.,,Ce champ doit être une valeur numérique.,Dit veld moet een numerieke waarde zijn.,Geben Sie ausschliesslich Zahlen ein.,Ce champ doit être une valeur numérique.,Questo campo deve contenere un valore numerico.,Este campo debe contener un valor numérico.,Este campo deve conter um valor numérico.,Dieses Feld muss einen numerischen Wert enthalten.,Ce champ doit être une valeur numérique.,Το πεδίο αυτό πρέπει να περιέχει αριθμητική τιμή.,,Ennek a mezőnek numerikus értéket kell tartalmaznia.,Toto pole musí obsahovat číselnou hodnotu.,Toto pole musí obsahovať číselnú hodnotu.,Acest câmp trebuie să fie o valoare numerică.,To polje mora biti številčna vrednost.,Ovo polje mora biti numerička vrijednost.
dynamicFieldMessage.fiscalCodeTaxNumber,This field only allows a valid Fiscal Code Tax Number.,This field only allows a valid Fiscal Code Tax Number.,This field only allows a valid Fiscal Code Tax Number.,Hvad er dit CPR-nummer,,Not necessary in AT,Not necessary in DE,,Not necessary in US,This field only allows a valid Fiscal Code Tax Number.,Kenttään voi syöttää vain kelvollisen arvonlisäverotunnisteen (VAT-numeron),Ce champ n'autorise que les références fiscales valides,In questo campo viene ammesso solo un Codice Fiscale valido.,Dit veld laat alleen geldige BSN-nummers of btw-nummers toe.,Dit veld laat alleen geldige BSN-nummers of btw-nummers toe.,?,,Ce champ n'autorise que les numéros BSN ou les numéros de TVA valides.,Dit veld laat alleen geldige BSN-nummers of btw-nummers toe.,Not necessary in CH,Not necessary in CH,Not necessary in CH,Este campo tan solo puede contener un número de identificación fiscal válido.,Este campo só pode conter um número de identificação fiscal válido.,Dieses Feld lässt nur gültige BSN-Nummern oder Mehrwertsteuernummern zu.,Ce champ n'autorise que les numéros BSN ou les numéros de TVA valides.,Αυτό το πεδίο μπορεί να περιέχει μόνο έναν έγκυρο αριθμό φορολογικού μητρώου.,,Ez a mező csak érvényes adószámot engedélyez.,Zadejte platné daňové identifikační číslo.,Zadajte platné daňové identifikačné číslo,Acest câmp permite doar un codul fiscal valid.,To polje dovoljuje samo veljavno davčno številko davčne številke.,Ovo polje dopušta samo važeći porezni broj fiskalnog koda.
dynamicFieldMessage.maxLength,{value} character limit.,{value} character limit.,{value} character limit.,{værdi} tegnbegrænsning.,,Maximale Zeichenanzahl von {value} erreicht.,Maximale Zeichenanzahl von {value} erreicht.,,{value} character limit.,{value} character limit.,{value} merkkiraja.,Limite de {valeur} caractères.,Limite di caratteri di {valore}.,{waarde} tekenlimiet.,{waarde} tekenlimiet.,{verdi} tegnbegrensning.,,Limite de {valeur} caractères.,{waarde} tekenlimiet.,Maximale Zeichenanzahl von {value} erreicht.,Limite de {valeur} caractères.,Limite di caratteri di {valore}.,Límite de caracteres {Wert}.,Limite de caracteres {Wert}.,Begrenzung auf {Wert} Zeichen.,Limite de {valeur} caractères.,Όριο χαρακτήρων {value}.,,{value} karakterkorlát.,Počet znaků omezen na {value}.,Počet znakov je obmedzený na {value}.,{value} limită de caractere.,{value} omejitev znakov.,{value} ograničenje broja znakova.
mieleClub.headline,Miele Club,Miele Club,Miele Club,Miele Club,,Miele Club,myMiele Club,,,Miele Club,Miele Club,Miele Club,Miele Club,Miele Club,Miele Club,Miele Club,,,,Miele Club,Club Miele,Miele Club,Miele Club,Miele Club,,,Miele Club,,Miele Club,,,Miele Club,Miele klub,Miele klub
mieleClub.why.title,Membership,Membership,Membership,Medlemsskab,,Mitgliedschaft,Mitgliedschaft,,,Membership,Jäsenyys,Adhésion,Membro,Lidmaatschap,Lidmaatschap,Medlemsskap,,,,Mitgliedschaft,Membre,Membro,Membresía,Estatuto de membro,,,Κατάσταση μέλους,,Tagság,,,Membru,Članstvo,Članstvo
mieleClub.why.reasons,Birthday surprise,Birthday surprise,Birthday surprise,Fødselsdagshilsener,,Willkommensgeschenk,Geburtstagsgeschenk,,,Birthday surprise,Syntymäpäiväyllätys,Surprise d'anniversaire,Sorpresa di compleanno,Verjaardagsverrassing,Verjaardagsverrassing,Bursdagshilsen,,,,"Mitgliedskonto mit Informationen zu Ihren Geräten, Transaktionen und persönlichen Daten","Compte de membre avec informations sur vos appareils, transactions et données personnelles","Account del membro con informazioni sui dispositivi, le transazioni e i dati personali",Regalo de cumpleaños,Presente de aniversário,,,Δώρο γενεθλίων ,,Születésnapi meglepetés ,,,Surpriză cu ocazia zilei de naștereOferte și campanii exclusive,Rojstnodnevno presenečenje,Rođendansko iznenađenje
mieleClub.birthDateTitle,Can we send you a birthday gift?,Can we send you a birthday gift?,Can we send you a birthday gift?,Må vi sende dig en fødselsdagsgave?,,Dürfen wir Ihnen ein Geburtstagsgeschenk zusenden?,Dürfen wir Ihnen ein Geburtstagsgeschenk zusenden?,,,Can we send you a birthday gift?,Saammeko lähettää sinulle syntymäpäivälahjan?,Pouvons-nous vous envoyer un cadeau d'anniversaire ?,Possiamo inviarti un regalo di compleanno?,Mogen we je een verjaardagscadeau sturen?,Mogen we je een verjaardagscadeau sturen?,Kan vi sende deg en bursdagspresang?,,,,Dürfen wir Ihnen ein Geburtstagsgeschenk zusenden?,Pouvons-nous vous envoyer un cadeau d'anniversaire ?,Possiamo inviarti un regalo di compleanno?,¿Te gustaría recibir un regalo de cumpleaños?,Gostava de receber um presente de aniversário?,,,Θα θέλατε να λάβετε ένα δώρο γενεθλίων;,,Küldhetünk születésnapi ajándékot?,,,Vă putem trimite un cadou de ziua de naștere?,Vam lahko pošljemo darilo za rojstni dan?,Možemo li vam poslati rođendanski poklon?
mieleClub.birthDateValidation.requirementMsg,Use format like MM/DD/YYYY,Use format like MM/DD/YYYY,Use format like MM/DD/YYYY,Brug et format som MM/DD/YYYY,,Geben Sie dieses Datumsformat ein: MM/DD/YYYY,Geben Sie dieses Datumsformat ein: MM/DD/YYYY,,,Use format like MM/DD/YYYY,Syötä päivämäärä muodossa KK/PP/VVVV,Utilisez un format tel que MM/JJ/AAAA.,Utilizza il formato GG/MM/AAAA,Gebruik een formaat als MM/DD/JJJJ,Gebruik een formaat als MM/DD/JJJJ,Bruk formatet MM/DD/YYYY,,,,Geben Sie dieses Datumsformat ein: MM/DD/YYYY,Saisissez ce format de date : MM/DD/YYYY,Utilizza il formato GG/MM/AAAA,Utiliza el formato  MM/DD/YYYY,Utilize o formato MM/DD/YYYY,,,Χρησιμοποιήστε τη μορφή MM/DD/YYYY,,Használja a köv. formátumot:  HH/NN/ÉÉÉÉ,,,Utilizați un format precum LL/ZZ/AAAA,"Uporabite obliko, kot je MM/DD/LLLL",Koristite format poput MM/DD/GGGG
mieleClub.birthDateValidation.errorMsg,Invalid date,Invalid date,Invalid date,Ugyldig dato,,Ungültiges Datum,Ungültiges Datum,,,Invalid date,Virheellinen päivämäärä,Ce champ doit être une date valide.,Questo campo deve contenere una data valida.,Ongeldige datum,Ongeldige datum,Ugyldig dato,,,,Ungültiges Datum,Date non valide,Questo campo deve contenere una data valida.,Fecha incorrecta,Data incorreta,,,Λανθασμένη ημερομηνία,,Érvénytelen dátum,,,Dată invalidă,Neveljaven datum,Nevažeći datum
mieleClub.joinClubLabel,"Yes, I want to join the Miele club.","Yes, I want to join the Miele club.","Yes, I want to join the Miele club.","Ja, jeg vil gerne være med i Miele Club.",,"Ja, ich möchte dem Miele Club beitreten.","Ja, ich möchte dem myMiele Club beitreten.",,,"Yes, I want to join the Miele club.","Kyllä, haluan liittyä Miele Clubiin.","Oui, je souhaite rejoindre le club Miele.","Sì, voglio unirmi al Miele Club.","Ja, ik wil lid worden van de Miele-club.","Ja, ik wil lid worden van de Miele-club.","Ja, jeg vil være med i Miele Club.",,,,"Ja, ich möchte dem Miele Club beitreten.","Oui, je souhaite adhérer au Club Miele.","Sì, voglio unirmi al Miele Club.","Sí, quiero formar parte de Miele Club.","Sim, quero fazer parte do Miele Club.",,,"Ναι, θέλω να γίνω μέλος του Miele Club",,"Igen, szeretnék csatlakozni a Miele Clubhoz.",,,"Da, vreau să mă alătur clubului Miele.","Da, želim se pridružiti Miele klubu.","Da, želim se pridružiti Miele klubu."
mieleClub.termsAndCondition.description,"By becoming a Miele Club member, you agree to the Miele Club terms and conditions.","By becoming a Miele Club member, you agree to the Miele Club terms and conditions.","By becoming a Miele Club member, you agree to the Miele Club terms and conditions.",Ved at blive medlem af Miele Club accepterer du Miele Clubs betingelser og vilkår.,,Mit Ihrer Mitgliedschaft im Miele Club erklären Sie sich mit den Allgemeinen Geschäftsbedingungen des Miele Clubs einverstanden.,,,,"By becoming a Miele Club member, you agree to the Miele Club terms and conditions.",Liittymällä Miele Clubin jäseneksi hyväksyt Miele Clubin käyttöehdot.,"En devenant membre du Club Miele, vous acceptez les conditions générales du Club Miele.","Diventando un membro del Miele Club, si accettano i Termini e le Condizioni del Miele Club.",Door lid te worden van de Miele Club ga je akkoord met de algemene voorwaarden van de Miele Club.,Door lid te worden van de Miele Club ga je akkoord met de algemene voorwaarden van de Miele Club.,Ved å bli medlem av Miele Club aksepterer du Miele Clubs vilkår og betingelser.,,,,Mit Ihrer Mitgliedschaft im Miele Club erklären Sie sich mit den Allgemeinen Geschäftsbedingungen des Miele Club einverstanden.,"En devenant membre du Miele Club, vous acceptez les conditions générales de vente du Miele Club.","Diventando un membro del Miele Club, si accettano i Termini e le Condizioni del Miele Club.","Al pasar a formar parte de Miele Club, confirmas que estás de acuerdo con los Téminos y Condiciones.","Ao entrar no Miele Club, confirma que está de acordo com os Termos e Condições.",,,"Με την είσοδό σας στο Miele Club, επιβεβαιώνετε ότι συμφωνείτε με τους Όρους και Προϋποθέσεις.",,A Miele Club tagságával ön elfogadja a Miele Club feltételeit.,,,"Devenind membru al Clubului Miele, sunteți de acord cu termenii și condițiile Clubului Miele.","Če postanete član Miele kluba, se strinjate s pogoji poslovanja Miele kluba.",Postajanjem članom Miele kluba pristajete na uvjete Miele kluba.
mieleClub.newsletter.description,"Yes, I want to become a Miele Club member and receive Miele Club communication (welcome gift, birthday surprise, status upgrade reward, Miele Club news) via email.","Yes, I want to become a Miele Club member and receive Miele Club communication (welcome gift, birthday surprise, status upgrade reward, Miele Club news) via email.","Yes, I want to become a Miele Club member and receive Miele Club communication (welcome gift, birthday surprise, status upgrade reward, Miele Club news) via email.","Ja, jeg ønsker at blive medlem af Miele Club og modtage Miele Club-kommunikation (velkomstgave, fødselsdagshilsen, belønning for statusopgradering, Miele Club-nyhedsbreve) via e-mail.",,"Ja, ich möchte Miele Club Mitglied werden und Miele Club Kommunikation (Willkommensgeschenk, Geburtstagsüberraschung, Miele Club Neuigkeiten) per E-Mail erhalten.",,,,"Yes, I want to become a Miele Club member and receive Miele Club communication (welcome gift, birthday surprise, status upgrade reward, Miele Club news) via email.","Kyllä, haluan liittyä Miele Clubin jäseneksi ja vastaanottaa Miele Club -viestintää (tervetuliaislahja, syntymäpäiväyllätys, palkinto statuksen päivittämisestä, Miele Club -uutisia) sähköpostitse.","Oui, je souhaite devenir membre du Club Miele et recevoir les communications du Club Miele (cadeau de bienvenue, surprise d'anniversaire, récompense de passage au statut supérieur, actualités du Club Miele) par e-mail.","Sì, voglio diventare un membro del Miele Club e ricevere le comunicazioni del Miele Club (regalo di benvenuto, sorpresa di compleanno, premio per avanzamento di status, novità del Miele Club) per e-mail.","Ja, ik wil lid worden van de Miele Club en Miele Club-communicatie (welkomstgeschenk, verjaardag verrassing, Miele Club-nieuws) via e-mail ontvangen.","Ja, ik wil lid worden van de Miele Club en Miele Club-communicatie (welkomstgeschenk, verjaardag verrassing, Miele Club-nieuws) via e-mail ontvangen.","Ja, jeg ønsker å bli medlem av Miele Club og motta Miele Club-kommunikasjon (velkomstgave, bursdagshilsen, belønning for statusoppgradering, Miele Club-nyheter) via e-post.",,,,"Ja, ich möchte Miele Club Mitglied werden und Miele Club Kommunikation (Willkommensgeschenk, Geburtstagsüberraschung, Miele Club Neuigkeiten) per E-Mail erhalten.","Oui, je souhaite devenir membre du Miele Club et recevoir les communications du Miele Club (cadeau de bienvenue, surprise d'anniversaire, actualités du Miele Club) par e-mail.","Sì, voglio diventare un membro del Miele Club e ricevere le comunicazioni del Miele Club (regalo di benvenuto, sorpresa di compleanno, premio per avanzamento di status, novità del Miele Club) per e-mail.",,"Sim, quero fazer parte do Miele Club e receber informações (presente de boas-vindas, presente de aniversário, notícias) por e-mail.",,,"Ναι, θέλω να γίνω μέλος του Miele Club και να λαμβάνω πληροφορίες (δώρο καλωσορίσματος, δώρο γενεθλίων, νέα) μέσω e-mail.",,"Igen, szeretnék Miele Club tag lenni, és szeretnék e-mailben kapni  Miele Club kommunikációt (üdvözlő ajándék, születésnapi meglepetés, Miele Club hírek).",,,"Da, vreau să devin membru al Clubului Miele și să primesc comunicări din Clubul Miele (cadou de bun venit, surpriză de ziua de naștere, reformulare a statutului de membru, știri despre Clubul Miele) prin e-mail.","Da, želim postati član Miele kluba in prejemati sporočila Miele kluba (darilo dobrodošlice, rojstnodnevno presenečenje, sprememba statusa nadgradnje, novice Miele kluba) po e-pošti.","Da, želim postati član Miele kluba i primati komunikaciju Miele kluba (dar dobrodošlice, rođendansko iznenađenje, promjena statusa, novosti Miele kluba) putem e-pošte."